{"validation/TripletMarginLoss": 0.6940458416938782, "validation/acc": 0.9961068034172058, "epoch": 50, "trainer/global_step": 5100, "_timestamp": 1651262232, "_runtime": 2760, "_step": 100, "train/TripletMarginLoss": 0.7068809270858765, "train/acc": 0.9949753880500793, "test/TripletMarginLoss": 0.9123430848121643, "test/acc": 0.9604895710945129, "_wandb": {"runtime": 2762}}