{"validation/TripletMarginLoss": 0.6955304741859436, "validation/acc": 0.9864867925643921, "epoch": 50, "trainer/global_step": 5100, "_timestamp": 1651256696, "_runtime": 2794, "_step": 100, "train/TripletMarginLoss": 0.7074741721153259, "train/acc": 0.9898990392684937, "test/TripletMarginLoss": 0.8593520522117615, "test/acc": 0.932184100151062, "_wandb": {"runtime": 2795}}