{"train/TripletMarginLoss_step": 0.663354754447937, "train/acc_step": 1.0, "epoch": 50, "trainer/global_step": 5100, "_timestamp": 1651717511, "_runtime": 2817, "_step": 151, "validation/TripletMarginLoss": 0.6901150345802307, "validation/acc": 0.9999604225158691, "train/TripletMarginLoss_epoch": 0.7045623064041138, "train/acc_epoch": 0.9999613761901855, "test/TripletMarginLoss": 0.8970831036567688, "test/acc": 0.9986125826835632, "_wandb": {"runtime": 2818}}