{"train/TripletMarginLoss_step": 0.679985761642456, "train/acc_step": 1.0, "epoch": 50, "trainer/global_step": 5100, "_timestamp": 1651706237, "_runtime": 2828, "_step": 151, "validation/TripletMarginLoss": 0.6932506561279297, "validation/acc": 0.9999009966850281, "train/TripletMarginLoss_epoch": 0.7052741646766663, "train/acc_epoch": 1.0, "test/TripletMarginLoss": 0.8758668899536133, "test/acc": 0.9986565709114075, "_wandb": {"runtime": 2830}}