{"train/TripletMarginLoss_step": 0.6713491678237915, "train/acc_step": 1.0, "epoch": 50, "trainer/global_step": 5100, "_timestamp": 1651703399, "_runtime": 2848, "_step": 151, "validation/TripletMarginLoss": 0.69423508644104, "validation/acc": 0.9988716840744019, "train/TripletMarginLoss_epoch": 0.7043130993843079, "train/acc_epoch": 0.9995748400688171, "test/TripletMarginLoss": 0.873175323009491, "test/acc": 0.9807963967323303, "_wandb": {"runtime": 2849}}