{"train/TripletLoss_step": 0.13176438212394714, "train/acc_step": 0.98828125, "epoch": 1, "trainer/global_step": 102, "_timestamp": 1653137586, "_runtime": 309, "_step": 3, "validation/TripletLoss": 0.1251705437898636, "validation/acc": 0.9982382655143738, "train/TripletLoss_epoch": 0.171638622879982, "train/acc_epoch": 0.9872835278511047, "test/TripletLoss": 0.2274819314479828, "test/acc": 0.9941524267196655, "_wandb": {"runtime": 310}}