{"train/TripletMarginLoss_step": 0.7073760032653809, "train/acc_step": 0.0, "epoch": 42, "trainer/global_step": 4284, "_timestamp": 1651697045, "_runtime": 2445, "_step": 127, "validation/TripletMarginLoss": 0.6993323564529419, "validation/acc": 0.00013856447185389698, "train/TripletMarginLoss_epoch": 0.7057350277900696, "train/acc_epoch": 0.0, "test/TripletMarginLoss": 0.888670802116394, "test/acc": 0.0012652600416913629, "_wandb": {"runtime": 2447}}