{"train/TripletMarginLoss_step": 0.6857942342758179, "train/acc_step": 0.0, "epoch": 50, "trainer/global_step": 5100, "_timestamp": 1651694590, "_runtime": 2836, "_step": 151, "validation/TripletMarginLoss": 0.6973546743392944, "validation/acc": 0.0010095410980284214, "train/TripletMarginLoss_epoch": 0.7081999182701111, "train/acc_epoch": 0.00023191094805952162, "test/TripletMarginLoss": 0.8671146631240845, "test/acc": 0.017029715701937675, "_wandb": {"runtime": 2837}}