{"train/TripletMarginLoss_step": 0.6205073595046997, "train/acc_step": 1.0, "epoch": 50, "trainer/global_step": 5100, "_timestamp": 1651711869, "_runtime": 2808, "_step": 151, "validation/TripletMarginLoss": 0.691737711429596, "validation/acc": 0.9999802112579346, "train/TripletMarginLoss_epoch": 0.7067859768867493, "train/acc_epoch": 0.9998453855514526, "test/TripletMarginLoss": 0.9038601517677307, "test/acc": 0.9984074234962463, "_wandb": {"runtime": 2809}}