{"train/TripletLoss_step": 0.05168035253882408, "train/acc_step": 0.0, "epoch": 50, "trainer/global_step": 5100, "_timestamp": 1651691744, "_runtime": 2886, "_step": 151, "validation/TripletLoss": 0.03220544010400772, "validation/acc": 1.979492481041234e-05, "train/TripletLoss_epoch": 0.03215496614575386, "train/acc_epoch": 0.0, "test/TripletLoss": 0.10158178955316544, "test/acc": 0.0003150937263853848, "_wandb": {"runtime": 2886}}