{"train/TripletMarginLoss_step": 0.6074327230453491, "train/acc_step": 1.0, "epoch": 50, "trainer/global_step": 5100, "_timestamp": 1651714684, "_runtime": 2805, "_step": 151, "validation/TripletMarginLoss": 0.6930965781211853, "validation/acc": 0.9998218417167664, "train/TripletMarginLoss_epoch": 0.7066447138786316, "train/acc_epoch": 0.9998067617416382, "test/TripletMarginLoss": 0.8905805945396423, "test/acc": 0.9989228248596191, "_wandb": {"runtime": 2806}}