{"train/TripletLoss_step": 0.03191082924604416, "train/acc_step": 1.0, "epoch": 50, "trainer/global_step": 5100, "_timestamp": 1651700541, "_runtime": 2841, "_step": 151, "validation/TripletLoss": 0.029413970187306404, "validation/acc": 0.9999604225158691, "train/TripletLoss_epoch": 0.030974427238106728, "train/acc_epoch": 1.0, "test/TripletLoss": 0.11183959245681763, "test/acc": 0.9995285868644714, "_wandb": {"runtime": 2842}}