{"validation/TripletMarginLoss": 0.7071521282196045, "validation/acc": 0.9959220290184021, "epoch": 50, "trainer/global_step": 5100, "_timestamp": 1651267786, "_runtime": 2765, "_step": 100, "train/TripletMarginLoss": 0.7051548957824707, "train/acc": 0.9952588081359863, "test/TripletMarginLoss": 0.9103976488113403, "test/acc": 0.9604230523109436, "_wandb": {"runtime": 2766}}