{"validation/TripletMarginLoss": 0.6992425918579102, "validation/acc": 0.9961597919464111, "epoch": 50, "trainer/global_step": 5100, "_timestamp": 1651259462, "_runtime": 2758, "_step": 100, "train/TripletMarginLoss": 0.706007182598114, "train/acc": 0.9949495792388916, "test/TripletMarginLoss": 0.8870318531990051, "test/acc": 0.9649290442466736, "_wandb": {"runtime": 2759}}