{"train/TripletMarginLoss_step": 0.6899414658546448, "train/acc_step": 1.0, "epoch": 50, "trainer/global_step": 5100, "_timestamp": 1651709052, "_runtime": 2806, "_step": 151, "validation/TripletMarginLoss": 0.6941092610359192, "validation/acc": 0.9999208450317383, "train/TripletMarginLoss_epoch": 0.7055143117904663, "train/acc_epoch": 1.0, "test/TripletMarginLoss": 0.8933531641960144, "test/acc": 0.9981631636619568, "_wandb": {"runtime": 2807}}