{"train/TripletLoss_step": 0.1366877555847168, "train/acc_step": 0.00390625, "epoch": 1, "trainer/global_step": 102, "_timestamp": 1651688207, "_runtime": 311, "_step": 3, "validation/TripletLoss": 0.13163141906261444, "validation/acc": 0.003998574800789356, "train/TripletLoss_epoch": 0.17264075577259064, "train/acc_epoch": 0.01588590070605278, "test/TripletLoss": 0.2144046425819397, "test/acc": 0.007320433389395475, "_wandb": {"runtime": 312}}